{"cameraMode":{"drawMode":0,"name":"Shaded","section":"Shading Mode"},"sceneLighting":false,"audioPlay":false,"sceneViewState":{"m_AlwaysRefresh":false,"showFog":true,"showSkybox":false,"showFlares":true,"showImageEffects":true,"showParticleSystems":true,"showVisualEffectGraphs":true,"m_FxEnabled":true},"in2DMode":false,"pivot":{"x":-1.128603458404541,"y":1.506192684173584,"z":0.0988302230834961},"rotation":{"x":0.35043269395828249,"y":-0.17140284180641175,"z":0.06539874523878098,"w":0.9184467792510986},"size":11.877680778503418,"orthographic":false}